name,method,frames,steps,context_frames,slice_stride,g_step_pattern,g_lr_pattern,g_frequency,travel_time,cfg_scale,timestamp,status
vanilla_v2_f49_s50_cfg6.0_seed42,vanilla,49,50,8,8,0x5,1x45,0.001x50,1,3,12,6.0,2026-07-07 15:44:39,started
vanilla_v2_f49_s40_cfg6.0_seed42,vanilla,49,40,8,8,0x5,1x45,0.001x50,1,3,12,6.0,2026-07-07 15:47:08,started
vanilla_v2_f49_s40_cfg6.0_seed42,vanilla,49,40,8,8,0x5,1x45,0.001x50,1,3,12,6.0,2026-07-07 15:57:01,completed
vanilla_v2_f49_s40_cfg6.0_seed42,vanilla,49,40,8,8,0x5,1x45,0.001x50,1,3,12,6.0,2026-07-07 15:57:01,started
vanilla_v2_f49_s40_cfg6.0_seed42,vanilla,49,40,8,8,0x5,1x45,0.001x50,1,3,12,6.0,2026-07-07 16:05:42,completed
vanilla_v2_f49_s40_cfg6.0_seed42,vanilla,49,40,8,8,0x5,1x45,0.001x50,1,3,12,6.0,2026-07-07 16:05:42,started
vanilla_v2_f49_s40_cfg6.0_seed42,vanilla,49,40,8,8,0x5,1x45,0.001x50,1,3,12,6.0,2026-07-07 16:14:23,completed
vanilla_v2_f49_s40_cfg6.0_seed42,vanilla,49,40,8,8,0x5,1x45,0.001x50,1,3,12,6.0,2026-07-07 16:14:23,started
vanilla_v2_f49_s40_cfg6.0_seed42,vanilla,49,40,8,8,0x5,1x45,0.001x50,1,3,12,6.0,2026-07-07 16:23:07,completed
vanilla_v2_f49_s40_cfg6.0_seed42,vanilla,49,40,8,8,0x5,1x45,0.001x50,1,3,12,6.0,2026-07-07 16:23:07,started
vanilla_v2_f49_s40_cfg6.0_seed42,vanilla,49,40,8,8,0x5,1x45,0.001x50,1,3,12,6.0,2026-07-07 16:31:50,completed
vanilla_v2_f49_s40_cfg6.0_seed42,vanilla,49,40,8,8,0x5,1x45,0.001x50,1,3,12,6.0,2026-07-07 16:31:50,started
vanilla_v2_f49_s40_cfg6.0_seed42,vanilla,49,40,8,8,0x5,1x45,0.001x50,1,3,12,6.0,2026-07-07 16:40:33,completed
vanilla_v2_f49_s40_cfg6.0_seed42,vanilla,49,40,8,8,0x5,1x45,0.001x50,1,3,12,6.0,2026-07-07 16:40:33,started
vanilla_v2_f49_s40_cfg6.0_seed42,vanilla,49,40,8,8,0x5,1x45,0.001x50,1,3,12,6.0,2026-07-07 16:49:17,completed
vanilla_v2_f49_s40_cfg6.0_seed42,vanilla,49,40,8,8,0x5,1x45,0.001x50,1,3,12,6.0,2026-07-07 16:49:17,started
vanilla_v2_f49_s40_cfg6.0_seed42,vanilla,49,40,8,8,0x5,1x45,0.001x50,1,3,12,6.0,2026-07-07 16:58:00,completed
guidance_v2_f49_s40_gs0.001_gf5_cfg6.0_seed42,guidance,49,40,8,8,0x5,1x45,0.001x50,5,3,12,6.0,2026-07-07 17:21:48,started
guidance_v2_f49_s40_gs0.001_gf5_cfg6.0_seed42,guidance,49,40,8,8,0x5,1x45,0.001x50,5,3,12,6.0,2026-07-07 17:33:35,started
guidance_v2_f25_s30_gs0.001_gf5_cfg6.0_seed42,guidance,25,30,8,8,0x5,1x45,0.001x50,5,3,12,6.0,2026-07-07 17:37:40,started
guidance_v2_f25_s32_gs0.001_gf5_cfg6.0_seed42,guidance,25,32,8,8,0x5,1x45,0.001x50,5,3,12,6.0,2026-07-07 17:41:15,started
guidance_v2_f25_s32_gs0.001_gf5_cfg6.0_seed42,guidance,25,32,8,8,0x5,1x45,0.001x50,5,3,12,6.0,2026-07-07 17:44:56,started
guidance_v2_f25_s32_gs0.001_gf5_cfg6.0_seed42,guidance,25,32,8,8,0x5,1x45,0.001x50,5,3,12,6.0,2026-07-07 17:50:46,started
guidance_v2_f25_s32_gs0.001_gf5_cfg6.0_seed42,guidance,25,32,8,8,0x5,1x45,0.001x50,5,3,12,6.0,2026-07-07 18:14:18,started
guidance_v2_f25_s32_gs0.001_gf5_cfg6.0_seed42,guidance,25,32,8,8,0x5,1x45,0.001x50,5,3,12,6.0,2026-07-07 18:20:27,started
guidance_v2_f25_s32_gs0.001_gf5_cfg6.0_seed42,guidance,25,32,8,8,0x5,1x45,0.001x50,5,3,12,6.0,2026-07-07 18:27:13,started
guidance_v2_f25_s32_gs0.001_gf5_cfg6.0_seed42,guidance,25,32,8,8,0x5,1x45,0.001x50,5,3,12,6.0,2026-07-07 18:34:43,started
guidance_v2_f25_s32_gs0.001_gf5_cfg6.0_seed42,guidance,25,32,8,8,0x5,1x45,0.001x50,5,3,12,6.0,2026-07-07 18:41:44,started
guidance_v2_f25_s32_gs0.001_gf5_cfg6.0_seed42,guidance,25,32,8,8,0x5,1x45,0.001x50,5,3,12,6.0,2026-07-07 18:54:29,started
guidance_v2_f25_s32_gs0.001_gf30_cfg6.0_seed42,guidance,25,32,8,8,0x5,1x45,0.001x50,30,3,12,6.0,2026-07-07 19:00:22,started
guidance_v2_f25_s32_gs0.001_gf30_cfg6.0_seed42,guidance,25,32,8,8,0x5,1x45,0.001x50,30,3,12,6.0,2026-07-07 19:05:48,started
guidance_v2_f25_s32_gs0.001_gf5_cfg6.0_seed42,guidance,25,32,8,8,0x5,1x45,0.001x50,5,3,12,6.0,2026-07-07 19:11:07,started
guidance_v2_f25_s32_gs0.001_gf5_cfg6.0_seed42,guidance,25,32,8,8,0x5,1x45,0.001x50,5,3,12,6.0,2026-07-07 19:18:31,started
guidance_v2_f25_s32_gs0.001_gf5_cfg6.0_seed42,guidance,25,32,8,8,0x5,1x45,0.001x50,5,3,12,6.0,2026-07-07 19:23:58,started
guidance_v2_f25_s32_gs0.001_gf5_cfg6.0_seed42,guidance,25,32,8,8,0x5,1x45,0.001x50,5,3,12,6.0,2026-07-07 19:26:43,completed
vanilla_v2_f25_s32_cfg6.0_seed42,vanilla,25,32,8,8,0x5,1x45,0.001x50,1,3,12,6.0,2026-07-07 19:27:17,started
vanilla_v2_f25_s32_cfg6.0_seed42,vanilla,25,32,8,8,0x5,1x45,0.001x50,1,3,12,6.0,2026-07-07 19:28:46,completed
guidance_v2_f25_s32_gs0.005_gf5_cfg6.0_seed42,guidance,25,32,8,8,0x5,1x45,0.001x50,5,3,12,6.0,2026-07-07 19:31:46,started
guidance_v2_f25_s32_gs0.005_gf5_cfg6.0_seed42,guidance,25,32,8,8,0x5,1x45,0.001x50,5,3,12,6.0,2026-07-07 19:34:39,completed
vanilla_v2_f25_s32_cfg6.0_seed42,vanilla,25,32,8,8,0x5,1x45,0.001x50,1,3,12,6.0,2026-07-07 23:24:25,started
vanilla_v2_f25_s32_cfg6.0_seed42,vanilla,25,32,8,8,0x5,1x45,0.001x50,1,3,12,6.0,2026-07-07 23:29:35,started
vanilla_v2_f25_s32_cfg6.0_seed42,vanilla,25,32,8,8,0x5,1x45,0.001x50,1,3,12,6.0,2026-07-07 23:33:18,started
vanilla_v2_f25_s32_cfg6.0_seed42,vanilla,25,32,8,8,0x5,1x45,0.001x50,1,3,12,6.0,2026-07-07 23:34:15,completed
guidance_v2_f25_s32_gs0.005_gf5_cfg6.0_seed42,guidance,25,32,8,8,0x5,1x45,0.001x50,5,3,12,6.0,2026-07-07 23:36:22,started
guidance_v2_f25_s32_gs0.005_gf5_cfg6.0_seed42,guidance,25,32,8,8,0x5,1x45,0.001x50,5,3,12,6.0,2026-07-07 23:38:18,completed
vanilla_v2_f25_s32_cfg6.0_seed42,vanilla,25,32,8,8,0x5,1x45,0.001x50,5,3,12,6.0,2026-07-07 23:41:11,started
vanilla_v2_f25_s32_cfg6.0_seed42,vanilla,25,32,8,8,0x5,1x45,0.001x50,5,3,12,6.0,2026-07-07 23:42:18,completed
vanilla_v2_f25_s32_cfg6.0_seed42,vanilla,25,32,8,8,0x5,1x45,0.001x50,5,3,12,6.0,2026-07-07 23:42:18,started
vanilla_v2_f25_s32_cfg6.0_seed42,vanilla,25,32,8,8,0x5,1x45,0.001x50,5,3,12,6.0,2026-07-07 23:43:05,completed
guidance_v2_f25_s32_gs0.005_gf5_cfg6.0_seed42,guidance,25,32,8,8,0x5,1x45,0.001x50,5,3,12,6.0,2026-07-07 23:43:12,started
guidance_v2_f25_s32_gs0.005_gf5_cfg6.0_seed42,guidance,25,32,8,8,0x5,1x45,0.001x50,5,3,12,6.0,2026-07-07 23:45:03,completed
guidance_v2_f25_s32_gs0.005_gf5_cfg6.0_seed42,guidance,25,32,8,8,0x5,1x45,0.001x50,5,3,12,6.0,2026-07-07 23:45:03,started
guidance_v2_f25_s32_gs0.005_gf5_cfg6.0_seed42,guidance,25,32,8,8,0x5,1x45,0.001x50,5,3,12,6.0,2026-07-07 23:46:26,completed
guidance_v2_f25_s32_gs0.001_gf5_cfg6.0_seed42,guidance,25,32,8,8,0x5,1x45,0.001x50,5,3,12,6.0,2026-07-07 23:50:24,started
guidance_v2_f25_s32_gs0.001_gf5_cfg6.0_seed42,guidance,25,32,8,8,0x5,1x45,0.001x50,5,3,12,6.0,2026-07-07 23:52:09,completed
guidance_v2_f25_s32_gs0.001_gf5_cfg6.0_seed42,guidance,25,32,8,8,0x5,1x45,0.001x50,5,3,12,6.0,2026-07-07 23:52:09,started
guidance_v2_f25_s32_gs0.001_gf5_cfg6.0_seed42,guidance,25,32,8,8,0x5,1x45,0.001x50,5,3,12,6.0,2026-07-07 23:53:24,completed
guidance_v2_f25_s32_gs0.001_gf5_cfg6.0_seed42,guidance,25,32,8,8,0x5,1x45,0.001x50,5,3,12,6.0,2026-07-07 23:53:24,started
guidance_v2_f25_s32_gs0.001_gf5_cfg6.0_seed42,guidance,25,32,8,8,0x5,1x45,0.001x50,5,3,12,6.0,2026-07-07 23:54:41,completed
vanilla_v2_f49_s50_cfg6.0_seed42,vanilla,49,50,8,8,0x5,1x45,0.001x50,1,3,12,6.0,2026-07-07 23:57:01,started
guidance_v2_f49_s50_gs0.001_gf5_cfg6.0_seed42,guidance,49,50,8,8,0x5,1x45,0.001x50,5,3,12,6.0,2026-07-07 23:59:36,started
guidance_v2_f49_s50_gs0.001_gf5_cfg6.0_seed42,guidance,49,50,8,8,0x5,1x45,0.001x50,5,3,12,6.0,2026-07-07 23:59:41,started
guidance_v2_f96_s64_gs0.001_gf5_cfg6.0_seed42,guidance,96,64,8,8,0x5,1x45,0.001x50,5,3,12,6.0,2026-07-08 00:04:24,started
guidance_v2_f96_s64_gs0.001_gf5_cfg6.0_seed42,guidance,96,64,8,8,0x5,1x45,0.001x50,5,3,12,6.0,2026-07-08 00:04:29,started
guidance_v2_f49_s64_gs0.001_gf5_cfg6.0_seed42,guidance,49,64,8,8,0x5,1x45,0.001x50,5,3,12,6.0,2026-07-08 00:09:49,started
guidance_v2_f49_s64_gs0.001_gf5_cfg6.0_seed42,guidance,49,64,8,8,0x5,1x45,0.001x50,5,3,12,6.0,2026-07-08 00:09:49,started
guidance_v2_f49_s64_gs0.001_gf5_cfg6.0_seed42,guidance,49,64,8,8,0x5,1x45,0.001x50,5,3,12,6.0,2026-07-08 00:12:34,started
guidance_v2max1_f49_s64_gs0.001_gf5_cfg6.0_seed42,guidance,49,64,8,8,0x5,1x45,0.001x50,5,3,12,6.0,2026-07-08 00:18:13,started
guidance_v2max1_f49_s64_gs0.001_gf5_cfg6.0_seed42,guidance,49,64,8,8,0x5,1x45,0.001x50,5,3,12,6.0,2026-07-08 00:18:23,started
guidance_cp2max1_f49_s64_gs0.001_gf5_cfg6.0_seed42,guidance,49,64,8,8,0x5,1x45,0.001x50,5,3,12,6.0,2026-07-08 00:28:01,started
guidance_cp2max1_f49_s64_gs0.001_gf5_cfg6.0_seed42,guidance,49,64,8,8,0x5,1x45,0.001x50,5,3,12,6.0,2026-07-08 00:28:01,started
guidance_cp2max1_f49_s64_gs0.001_gf5_cfg6.0_seed42,guidance,49,64,8,8,0x5,1x45,0.001x50,5,3,12,6.0,2026-07-08 00:34:00,completed
guidance_cp2max1_f49_s64_gs0.001_gf5_cfg6.0_seed42,guidance,49,64,8,8,0x5,1x45,0.001x50,5,3,12,6.0,2026-07-08 00:34:00,completed
guidance_cp2max1_f49_s64_gs0.001_gf5_cfg6.0_seed42,guidance,49,64,8,8,0x5,1x45,0.001x50,5,3,12,6.0,2026-07-08 00:34:46,started
guidance_cp2max1_f49_s64_gs0.001_gf5_cfg6.0_seed42,guidance,49,64,8,8,0x5,1x45,0.001x50,5,3,12,6.0,2026-07-08 00:34:46,completed
guidance_cp2max1_f49_s64_gs0.001_gf5_cfg6.0_seed42,guidance,49,64,8,8,0x5,1x45,0.001x50,5,3,12,6.0,2026-07-08 00:34:46,started
guidance_cp2max1_f49_s64_gs0.001_gf5_cfg6.0_seed42,guidance,49,64,8,8,0x5,1x45,0.001x50,5,3,12,6.0,2026-07-08 00:34:46,completed
guidance_cp2max1_f49_s64_gs0.001_gf5_cfg6.0_seed42,guidance,49,64,8,8,0x5,1x45,0.001x50,5,3,12,6.0,2026-07-08 00:34:46,started
guidance_cp2max1_f49_s64_gs0.001_gf5_cfg6.0_seed42,guidance,49,64,8,8,0x5,1x45,0.001x50,5,3,12,6.0,2026-07-08 00:34:46,started
guidance_cp2max1_f49_s64_gs0.001_gf5_cfg6.0_seed42,guidance,49,64,8,8,0x5,1x45,0.001x50,5,3,12,6.0,2026-07-08 00:39:39,completed
guidance_cp2max1_f49_s64_gs0.001_gf5_cfg6.0_seed42,guidance,49,64,8,8,0x5,1x45,0.001x50,5,3,12,6.0,2026-07-08 00:39:39,started
guidance_cp2max1_f49_s64_gs0.001_gf5_cfg6.0_seed42,guidance,49,64,8,8,0x5,1x45,0.001x50,5,3,12,6.0,2026-07-08 00:39:39,completed
guidance_cp2max1_f49_s64_gs0.001_gf5_cfg6.0_seed42,guidance,49,64,8,8,0x5,1x45,0.001x50,5,3,12,6.0,2026-07-08 00:39:39,started
guidance_cp2max1_f49_s64_gs0.001_gf5_cfg6.0_seed42,guidance,49,64,8,8,0x5,1x45,0.001x50,5,3,12,6.0,2026-07-08 00:44:27,completed
guidance_cp2max1_f49_s64_gs0.001_gf5_cfg6.0_seed42,guidance,49,64,8,8,0x5,1x45,0.001x50,5,3,12,6.0,2026-07-08 00:44:27,started
guidance_cp2max1_f49_s64_gs0.001_gf5_cfg6.0_seed42,guidance,49,64,8,8,0x5,1x45,0.001x50,5,3,12,6.0,2026-07-08 00:44:27,completed
guidance_cp2max1_f49_s64_gs0.001_gf5_cfg6.0_seed42,guidance,49,64,8,8,0x5,1x45,0.001x50,5,3,12,6.0,2026-07-08 00:44:27,started
guidance_cp2max1_f49_s64_gs0.001_gf5_cfg6.0_seed42,guidance,49,64,8,8,0x5,1x45,0.001x50,5,3,12,6.0,2026-07-08 00:49:06,completed
guidance_cp2max1_f49_s64_gs0.001_gf5_cfg6.0_seed42,guidance,49,64,8,8,0x5,1x45,0.001x50,5,3,12,6.0,2026-07-08 00:49:06,started
guidance_cp2max1_f49_s64_gs0.001_gf5_cfg6.0_seed42,guidance,49,64,8,8,0x5,1x45,0.001x50,5,3,12,6.0,2026-07-08 00:49:06,completed
guidance_cp2max1_f49_s64_gs0.001_gf5_cfg6.0_seed42,guidance,49,64,8,8,0x5,1x45,0.001x50,5,3,12,6.0,2026-07-08 00:49:06,started
guidance_cp2max1_f49_s64_gs0.001_gf5_cfg6.0_seed42,guidance,49,64,8,8,0x5,1x45,0.001x50,5,3,12,6.0,2026-07-08 00:57:32,started
guidance_cp2max1_f49_s64_gs0.001_gf5_cfg6.0_seed42,guidance,49,64,8,8,0x5,1x45,0.001x50,5,3,12,6.0,2026-07-08 00:57:32,started
guidance_cp2max1_f49_s64_gs0.001_gf5_cfg6.0_seed42,guidance,49,64,8,8,0x5,1x45,0.001x50,5,3,12,6.0,2026-07-08 01:05:34,completed
guidance_cp2max1_f49_s64_gs0.001_gf5_cfg6.0_seed42,guidance,49,64,8,8,0x5,1x45,0.001x50,5,3,12,6.0,2026-07-08 01:05:34,started
guidance_cp2max1_f49_s64_gs0.001_gf5_cfg6.0_seed42,guidance,49,64,8,8,0x5,1x45,0.001x50,5,3,12,6.0,2026-07-08 01:05:34,completed
guidance_cp2max1_f49_s64_gs0.001_gf5_cfg6.0_seed42,guidance,49,64,8,8,0x5,1x45,0.001x50,5,3,12,6.0,2026-07-08 01:05:34,started
guidance_cp2max1_f49_s64_gs0.001_gf5_cfg6.0_seed42,guidance,49,64,8,8,0x5,1x45,0.001x50,5,3,12,6.0,2026-07-08 01:10:15,completed
guidance_cp2max1_f49_s64_gs0.001_gf5_cfg6.0_seed42,guidance,49,64,8,8,0x5,1x45,0.001x50,5,3,12,6.0,2026-07-08 01:10:15,completed
guidance_cp2max1_f49_s64_gs0.001_gf5_cfg6.0_seed42,guidance,49,64,8,8,0x5,1x45,0.001x50,5,3,12,6.0,2026-07-08 01:10:15,started
guidance_cp2max1_f49_s64_gs0.001_gf5_cfg6.0_seed42,guidance,49,64,8,8,0x5,1x45,0.001x50,5,3,12,6.0,2026-07-08 01:10:15,started
guidance_cp2max1_f49_s64_gs0.001_gf5_cfg6.0_seed42,guidance,49,64,8,8,0x5,1x45,0.001x50,5,3,12,6.0,2026-07-08 01:14:56,completed
guidance_cp2max1_f49_s64_gs0.001_gf5_cfg6.0_seed42,guidance,49,64,8,8,0x5,1x45,0.001x50,5,3,12,6.0,2026-07-08 01:14:56,completed
vanilla_v2_f49_s40_cfg6.0_seed42_promptx,vanilla,49,40,8,8,0x5,1x45,0.001x50,1,3,12,6.0,2026-07-08 01:37:47,started
vanilla_v2_f49_s40_cfg6.0_seed42_promptx,vanilla,49,40,8,8,0x5,1x45,0.001x50,1,3,12,6.0,2026-07-08 01:39:19,started
vanilla_v2_f49_s40_cfg6.0_seed42_promptx,vanilla,49,40,8,8,0x5,1x45,0.001x50,1,3,12,6.0,2026-07-08 01:42:20,completed
vanilla_v2_f49_s40_cfg6.0_seed42_promptx,vanilla,49,40,8,8,0x5,1x45,0.001x50,1,3,12,6.0,2026-07-08 01:42:20,started
vanilla_v2_f49_s40_cfg6.0_seed42_promptx,vanilla,49,40,8,8,0x5,1x45,0.001x50,1,3,12,6.0,2026-07-08 01:46:38,completed
vanilla_v2_f49_s40_cfg6.0_seed42_promptx,vanilla,49,40,8,8,0x5,1x45,0.001x50,1,3,12,6.0,2026-07-08 01:46:38,started
guidance_cp2max1_f49_s64_gs0.001_gf5_cfg6.0_seed42,guidance,49,64,8,4,0x3,3x12,2x12,1x23,3.0x15,2.0x15,1.0x20,5,3,12,6.0,2026-07-08 01:46:48,started
guidance_cp2max1_f49_s64_gs0.001_gf5_cfg6.0_seed42,guidance,49,64,8,4,0x3,3x12,2x12,1x23,3.0x15,2.0x15,1.0x20,5,3,12,6.0,2026-07-08 01:46:48,started
vanilla_v2_f49_s40_cfg6.0_seed42_promptx,vanilla,49,40,8,8,0x5,1x45,0.001x50,1,3,12,6.0,2026-07-08 01:54:32,completed
vanilla_v2_f49_s40_cfg6.0_seed42_promptx,vanilla,49,40,8,8,0x5,1x45,0.001x50,1,3,12,6.0,2026-07-08 01:54:32,started
guidance_cp2max1_f49_s64_gs0.001_gf5_cfg6.0_seed42,guidance,49,64,8,4,0x3,3x12,2x12,1x23,3.0x15,2.0x15,1.0x20,5,3,12,6.0,2026-07-08 01:55:41,completed
vanilla_cp2_f49_s64_cfg6.0_seed42,vanilla,49,64,8,4,0x3,3x12,2x12,1x23,3.0x15,2.0x15,1.0x20,5,3,12,6.0,2026-07-08 01:57:47,started
vanilla_cp2_f49_s64_cfg6.0_seed42,vanilla,49,64,8,4,0x3,3x12,2x12,1x23,3.0x15,2.0x15,1.0x20,5,3,12,6.0,2026-07-08 01:57:47,started
vanilla_v2_f49_s40_cfg6.0_seed42_promptx,vanilla,49,40,8,8,0x5,1x45,0.001x50,1,3,12,6.0,2026-07-08 02:00:45,completed
vanilla_cp2_f49_s64_cfg6.0_seed42,vanilla,49,64,8,4,0x3,3x12,2x12,1x23,3.0x15,2.0x15,1.0x20,5,3,12,6.0,2026-07-08 02:03:22,completed
vanilla_cp2_f49_s64_cfg6.0_seed42,vanilla,49,64,8,4,0x3,3x12,2x12,1x23,3.0x15,2.0x15,1.0x20,5,3,12,6.0,2026-07-08 02:03:22,completed
vanilla_v2_f49_s40_cfg6.0_seed42_promptx,vanilla,49,40,8,8,0x5,1x45,0.001x50,1,3,12,6.0,2026-07-08 02:10:56,started
vanilla_v2_f49_s40_cfg6.0_seed42_promptx,vanilla,49,40,8,8,0x5,1x45,0.001x50,1,3,12,6.0,2026-07-08 02:10:56,started
vanilla_v2_f49_s40_cfg6.0_seed42_promptx,vanilla,49,40,8,8,0x5,1x45,0.001x50,1,3,12,6.0,2026-07-08 02:18:35,started
vanilla_v2_f49_s40_cfg6.0_seed42_promptx,vanilla,49,40,8,8,0x5,1x45,0.001x50,1,3,12,6.0,2026-07-08 02:18:35,started
vanilla_v2_f49_s40_cfg6.0_seed42_promptx,vanilla,49,40,8,8,0x5,1x45,0.001x50,1,3,12,6.0,2026-07-08 02:23:10,completed
vanilla_v2_f49_s40_cfg6.0_seed42_promptx,vanilla,49,40,8,8,0x5,1x45,0.001x50,1,3,12,6.0,2026-07-08 02:23:13,completed
vanilla_v2_f49_s40_cfg6.0_seed42_promptx,vanilla,49,40,8,8,0x5,1x45,0.001x50,1,3,12,6.0,2026-07-08 02:25:28,started
vanilla_v2_f49_s40_cfg6.0_seed42_promptx,vanilla,49,40,8,8,0x5,1x45,0.001x50,1,3,12,6.0,2026-07-08 02:25:28,started
vanilla_v2_f49_s40_cfg6.0_seed42_promptx,vanilla,49,40,8,8,0x5,1x45,0.001x50,1,3,12,6.0,2026-07-08 02:29:58,completed
vanilla_v2_f49_s40_cfg6.0_seed42_promptx,vanilla,49,40,8,8,0x5,1x45,0.001x50,1,3,12,6.0,2026-07-08 02:30:01,completed
vanilla_v2_f49_s40_cfg6.0_seed42_promptx_softstage,vanilla,49,40,8,4,0x3,3x12,2x12,1x23,3.0x15,2.0x15,1.0x20,5,3,12,6.0,2026-07-08 03:06:31,started
guidance_v2_f49_s40_gs0.001_gf1_cfg6.0_seed42_gmax1_adapt,guidance,49,40,8,8,0x5,1x45,0.001x50,1,3,12,6.0,2026-07-08 03:06:31,started
vanilla_v2_f49_s40_cfg6.0_seed42_promptx_softstage,vanilla,49,40,8,4,0x3,3x12,2x12,1x23,3.0x15,2.0x15,1.0x20,5,3,12,6.0,2026-07-08 03:11:05,completed
vanilla_v2_f49_s40_cfg6.0_seed42_promptx_softstage,vanilla,49,40,8,4,0x3,3x12,2x12,1x23,3.0x15,2.0x15,1.0x20,5,3,12,6.0,2026-07-08 03:11:05,started
vanilla_v2_f49_s40_cfg6.0_seed42_promptx_softstage,vanilla,49,40,8,4,0x3,3x12,2x12,1x23,3.0x15,2.0x15,1.0x20,5,3,12,6.0,2026-07-08 03:15:22,completed
vanilla_v2_f49_s40_cfg6.0_seed42_promptx_softstage,vanilla,49,40,8,4,0x3,3x12,2x12,1x23,3.0x15,2.0x15,1.0x20,5,3,12,6.0,2026-07-08 03:15:22,started
guidance_v2_f49_s40_gs0.001_gf1_cfg6.0_seed42_gmax1_adapt_tfps8,guidance,49,40,8,8,0x5,1x45,0.001x50,1,3,12,6.0,2026-07-08 03:18:11,started
vanilla_v2_f49_s40_cfg6.0_seed42_promptx_softstage,vanilla,49,40,8,4,0x3,3x12,2x12,1x23,3.0x15,2.0x15,1.0x20,5,3,12,6.0,2026-07-08 03:19:39,completed
vanilla_v2_f49_s40_cfg6.0_seed42_promptx_softstage,vanilla,49,40,8,4,0x3,3x12,2x12,1x23,3.0x15,2.0x15,1.0x20,5,3,12,6.0,2026-07-08 03:19:39,started
vanilla_v2_f49_s40_cfg6.0_seed42_promptx_softstage,vanilla,49,40,8,4,0x3,3x12,2x12,1x23,3.0x15,2.0x15,1.0x20,5,3,12,6.0,2026-07-08 03:23:55,completed
vanilla_v2_f49_s40_cfg6.0_seed42_promptx_softstage,vanilla,49,40,8,4,0x3,3x12,2x12,1x23,3.0x15,2.0x15,1.0x20,5,3,12,6.0,2026-07-08 03:23:55,started
guidance_v2_f49_s40_gs0.001_gf1_cfg6.0_seed42_vith_gmax1_adapt_tfps4,guidance,49,40,8,8,0x5,1x45,0.001x50,1,3,12,6.0,2026-07-08 03:25:27,started
guidance_v2_f49_s40_gs0.001_gf1_cfg6.0_seed42_gmax1_adapt_tfps4,guidance,49,40,8,8,0x5,1x45,0.001x50,1,3,12,6.0,2026-07-08 03:27:30,started
vanilla_v2_f49_s40_cfg6.0_seed42_promptx_softstage,vanilla,49,40,8,4,0x3,3x12,2x12,1x23,3.0x15,2.0x15,1.0x20,5,3,12,6.0,2026-07-08 03:28:12,completed
vanilla_v2_f49_s40_cfg6.0_seed42_promptx_softstage,vanilla,49,40,8,4,0x3,3x12,2x12,1x23,3.0x15,2.0x15,1.0x20,5,3,12,6.0,2026-07-08 03:28:12,started
vanilla_v2_f49_s40_cfg6.0_seed42_promptx_softstage,vanilla,49,40,8,4,0x3,3x12,2x12,1x23,3.0x15,2.0x15,1.0x20,5,3,12,6.0,2026-07-08 03:32:29,completed
vanilla_v2_f49_s40_cfg6.0_seed42_promptx_softstage,vanilla,49,40,8,4,0x3,3x12,2x12,1x23,3.0x15,2.0x15,1.0x20,5,3,12,6.0,2026-07-08 03:32:29,started
guidance_v2h384w576_f49_s40_gs0.001_gf1_cfg6.0_seed42_gmax1_adapt_tfps4,guidance,49,40,8,8,0x5,1x45,0.001x50,1,3,12,6.0,2026-07-08 03:34:57,started
vanilla_v2_f49_s40_cfg6.0_seed42_promptx_softstage,vanilla,49,40,8,4,0x3,3x12,2x12,1x23,3.0x15,2.0x15,1.0x20,5,3,12,6.0,2026-07-08 03:36:48,completed
vanilla_v2_f49_s40_cfg6.0_seed42_promptx_softstage,vanilla,49,40,8,4,0x3,3x12,2x12,1x23,3.0x15,2.0x15,1.0x20,5,3,12,6.0,2026-07-08 03:36:48,started
vanilla_v2_f49_s40_cfg6.0_seed42_promptx_softstage,vanilla,49,40,8,4,0x3,3x12,2x12,1x23,3.0x15,2.0x15,1.0x20,5,3,12,6.0,2026-07-08 03:41:06,completed
guidance_v2_f49_s40_gs0.001_gf1_cfg6.0_seed42_gmax1_adapt_tfps4_ctx1,guidance,49,40,8,8,0x5,1x45,0.001x50,1,3,12,6.0,2026-07-08 03:43:07,started
guidance_v2cp2_f49_s40_gs0.001_gf1_cfg6.0_seed42_gmax1_adapt_tfps4_ctx1,guidance,49,40,8,8,0x5,1x45,0.001x50,1,3,12,6.0,2026-07-08 04:23:04,started
guidance_v2cp2_f49_s40_gs0.001_gf1_cfg6.0_seed42_gmax1_adapt_tfps4_ctx1,guidance,49,40,8,8,0x5,1x45,0.001x50,1,3,12,6.0,2026-07-08 04:23:04,started
guidance_v2cp2_f49_s40_gs0.001_gf1_cfg6.0_seed42_gmax1_adapt_tfps4_ctx1,guidance,49,40,8,8,0x5,1x45,0.001x50,1,3,12,6.0,2026-07-08 04:26:31,completed
guidance_v2cp2_f49_s40_gs0.001_gf1_cfg6.0_seed42_gmax1_adapt_tfps4_ctx1,guidance,49,40,8,8,0x5,1x45,0.001x50,1,3,12,6.0,2026-07-08 04:26:31,completed
guidance_v2cp2_f49_s40_gs0.001_gf1_cfg6.0_seed42_gmax1_adapt_tfps4_ctx1,guidance,49,40,8,8,0x5,1x45,0.001x50,1,3,12,6.0,2026-07-08 04:36:06,started
guidance_v2cp2_f49_s40_gs0.001_gf1_cfg6.0_seed42_gmax1_adapt_tfps4_ctx1,guidance,49,40,8,8,0x5,1x45,0.001x50,1,3,12,6.0,2026-07-08 04:36:06,completed
guidance_v2cp2_f49_s40_gs0.001_gf1_cfg6.0_seed42_gmax1_adapt_tfps4_ctx1,guidance,49,40,8,8,0x5,1x45,0.001x50,1,3,12,6.0,2026-07-08 04:36:06,started
guidance_v2cp2_f49_s40_gs0.001_gf1_cfg6.0_seed42_gmax1_adapt_tfps4_ctx1,guidance,49,40,8,8,0x5,1x45,0.001x50,1,3,12,6.0,2026-07-08 04:36:06,completed
guidance_v2cp2_f49_s40_gs0.001_gf1_cfg6.0_seed42_gmax1_adapt_tfps4_ctx1,guidance,49,40,8,8,0x5,1x45,0.001x50,1,3,12,6.0,2026-07-08 04:36:06,started
guidance_v2cp2_f49_s40_gs0.001_gf1_cfg6.0_seed42_gmax1_adapt_tfps4_ctx1,guidance,49,40,8,8,0x5,1x45,0.001x50,1,3,12,6.0,2026-07-08 04:36:06,started
guidance_v2cp2_f49_s40_gs0.001_gf1_cfg6.0_seed42_gmax1_adapt_tfps4_ctx1,guidance,49,40,8,8,0x5,1x45,0.001x50,1,3,12,6.0,2026-07-08 04:39:34,completed
guidance_v2cp2_f49_s40_gs0.001_gf1_cfg6.0_seed42_gmax1_adapt_tfps4_ctx1,guidance,49,40,8,8,0x5,1x45,0.001x50,1,3,12,6.0,2026-07-08 04:39:34,started
guidance_v2cp2_f49_s40_gs0.001_gf1_cfg6.0_seed42_gmax1_adapt_tfps4_ctx1,guidance,49,40,8,8,0x5,1x45,0.001x50,1,3,12,6.0,2026-07-08 04:39:34,completed
guidance_v2cp2_f49_s40_gs0.001_gf1_cfg6.0_seed42_gmax1_adapt_tfps4_ctx1,guidance,49,40,8,8,0x5,1x45,0.001x50,1,3,12,6.0,2026-07-08 04:39:34,started
guidance_v2cp2_f49_s40_gs0.001_gf1_cfg6.0_seed42_gmax1_adapt_tfps4_ctx1,guidance,49,40,8,8,0x5,1x45,0.001x50,1,3,12,6.0,2026-07-08 04:42:48,completed
guidance_v2cp2_f49_s40_gs0.001_gf1_cfg6.0_seed42_gmax1_adapt_tfps4_ctx1,guidance,49,40,8,8,0x5,1x45,0.001x50,1,3,12,6.0,2026-07-08 04:42:48,completed
guidance_v2cp2_f49_s40_gs0.001_gf1_cfg6.0_seed42_gmax1_adapt_tfps4_ctx1,guidance,49,40,8,8,0x5,1x45,0.001x50,1,3,12,6.0,2026-07-08 04:42:48,started
guidance_v2cp2_f49_s40_gs0.001_gf1_cfg6.0_seed42_gmax1_adapt_tfps4_ctx1,guidance,49,40,8,8,0x5,1x45,0.001x50,1,3,12,6.0,2026-07-08 04:42:48,started
guidance_v2cp2_f49_s40_gs0.001_gf1_cfg6.0_seed42_gmax1_adapt_tfps4_ctx1,guidance,49,40,8,8,0x5,1x45,0.001x50,1,3,12,6.0,2026-07-08 04:46:12,completed
guidance_v2cp2_f49_s40_gs0.001_gf1_cfg6.0_seed42_gmax1_adapt_tfps4_ctx1,guidance,49,40,8,8,0x5,1x45,0.001x50,1,3,12,6.0,2026-07-08 04:46:12,started
guidance_v2cp2_f49_s40_gs0.001_gf1_cfg6.0_seed42_gmax1_adapt_tfps4_ctx1,guidance,49,40,8,8,0x5,1x45,0.001x50,1,3,12,6.0,2026-07-08 04:46:12,completed
guidance_v2cp2_f49_s40_gs0.001_gf1_cfg6.0_seed42_gmax1_adapt_tfps4_ctx1,guidance,49,40,8,8,0x5,1x45,0.001x50,1,3,12,6.0,2026-07-08 04:46:12,started
guidance_v2cp2_f49_s40_gs0.001_gf1_cfg6.0_seed42_gmax1_adapt_tfps4_ctx1,guidance,49,40,8,8,0x5,1x45,0.001x50,1,3,12,6.0,2026-07-08 04:49:27,completed
guidance_v2cp2_f49_s40_gs0.001_gf1_cfg6.0_seed42_gmax1_adapt_tfps4_ctx1,guidance,49,40,8,8,0x5,1x45,0.001x50,1,3,12,6.0,2026-07-08 04:49:27,started
guidance_v2cp2_f49_s40_gs0.001_gf1_cfg6.0_seed42_gmax1_adapt_tfps4_ctx1,guidance,49,40,8,8,0x5,1x45,0.001x50,1,3,12,6.0,2026-07-08 04:49:27,completed
guidance_v2cp2_f49_s40_gs0.001_gf1_cfg6.0_seed42_gmax1_adapt_tfps4_ctx1,guidance,49,40,8,8,0x5,1x45,0.001x50,1,3,12,6.0,2026-07-08 04:49:27,started
guidance_v2cp2_f49_s40_gs0.001_gf1_cfg6.0_seed42_gmax1_adapt_tfps4_ctx1,guidance,49,40,8,8,0x5,1x45,0.001x50,1,3,12,6.0,2026-07-08 04:52:42,completed
guidance_v2cp2_f49_s40_gs0.001_gf1_cfg6.0_seed42_gmax1_adapt_tfps4_ctx1,guidance,49,40,8,8,0x5,1x45,0.001x50,1,3,12,6.0,2026-07-08 04:52:42,started
guidance_v2cp2_f49_s40_gs0.001_gf1_cfg6.0_seed42_gmax1_adapt_tfps4_ctx1,guidance,49,40,8,8,0x5,1x45,0.001x50,1,3,12,6.0,2026-07-08 04:52:42,completed
guidance_v2cp2_f49_s40_gs0.001_gf1_cfg6.0_seed42_gmax1_adapt_tfps4_ctx1,guidance,49,40,8,8,0x5,1x45,0.001x50,1,3,12,6.0,2026-07-08 04:52:42,started
guidance_v2cp2_f49_s40_gs0.001_gf1_cfg6.0_seed42_gmax1_adapt_tfps4_ctx1,guidance,49,40,8,8,0x5,1x45,0.001x50,1,3,12,6.0,2026-07-08 04:55:56,completed
guidance_v2cp2_f49_s40_gs0.001_gf1_cfg6.0_seed42_gmax1_adapt_tfps4_ctx1,guidance,49,40,8,8,0x5,1x45,0.001x50,1,3,12,6.0,2026-07-08 04:55:57,started
guidance_v2cp2_f49_s40_gs0.001_gf1_cfg6.0_seed42_gmax1_adapt_tfps4_ctx1,guidance,49,40,8,8,0x5,1x45,0.001x50,1,3,12,6.0,2026-07-08 04:55:57,completed
guidance_v2cp2_f49_s40_gs0.001_gf1_cfg6.0_seed42_gmax1_adapt_tfps4_ctx1,guidance,49,40,8,8,0x5,1x45,0.001x50,1,3,12,6.0,2026-07-08 04:55:57,started
guidance_v2cp2_f49_s40_gs0.001_gf1_cfg6.0_seed42_gmax1_adapt_tfps4_ctx1,guidance,49,40,8,8,0x5,1x45,0.001x50,1,3,12,6.0,2026-07-08 04:59:12,completed
guidance_v2cp2_f49_s40_gs0.001_gf1_cfg6.0_seed42_gmax1_adapt_tfps4_ctx1,guidance,49,40,8,8,0x5,1x45,0.001x50,1,3,12,6.0,2026-07-08 04:59:12,completed
vanilla_cp2baseline_f49_s64_cfg6.0_seed42,vanilla,49,64,8,4,0x3,3x12,2x12,1x23,3.0x15,2.0x15,1.0x20,5,3,12,6.0,2026-07-08 09:23:50,started
vanilla_cp2baseline_f49_s64_cfg6.0_seed42,vanilla,49,64,8,4,0x3,3x12,2x12,1x23,3.0x15,2.0x15,1.0x20,5,3,12,6.0,2026-07-08 09:23:50,started
vanilla_cp2baseline_f49_s64_cfg6.0_seed42,vanilla,49,64,8,4,0x3,3x12,2x12,1x23,3.0x15,2.0x15,1.0x20,5,3,12,6.0,2026-07-08 09:28:04,completed
vanilla_cp2baseline_f49_s64_cfg6.0_seed42,vanilla,49,64,8,4,0x3,3x12,2x12,1x23,3.0x15,2.0x15,1.0x20,5,3,12,6.0,2026-07-08 09:28:04,started
vanilla_cp2baseline_f49_s64_cfg6.0_seed42,vanilla,49,64,8,4,0x3,3x12,2x12,1x23,3.0x15,2.0x15,1.0x20,5,3,12,6.0,2026-07-08 09:28:04,completed
vanilla_cp2baseline_f49_s64_cfg6.0_seed42,vanilla,49,64,8,4,0x3,3x12,2x12,1x23,3.0x15,2.0x15,1.0x20,5,3,12,6.0,2026-07-08 09:28:04,started
vanilla_cp2baseline_f49_s64_cfg6.0_seed42,vanilla,49,64,8,4,0x3,3x12,2x12,1x23,3.0x15,2.0x15,1.0x20,5,3,12,6.0,2026-07-08 09:32:07,completed
vanilla_cp2baseline_f49_s64_cfg6.0_seed42,vanilla,49,64,8,4,0x3,3x12,2x12,1x23,3.0x15,2.0x15,1.0x20,5,3,12,6.0,2026-07-08 09:32:07,started
vanilla_cp2baseline_f49_s64_cfg6.0_seed42,vanilla,49,64,8,4,0x3,3x12,2x12,1x23,3.0x15,2.0x15,1.0x20,5,3,12,6.0,2026-07-08 09:32:07,completed
vanilla_cp2baseline_f49_s64_cfg6.0_seed42,vanilla,49,64,8,4,0x3,3x12,2x12,1x23,3.0x15,2.0x15,1.0x20,5,3,12,6.0,2026-07-08 09:32:08,started
vanilla_cp2baseline_f49_s64_cfg6.0_seed42,vanilla,49,64,8,4,0x3,3x12,2x12,1x23,3.0x15,2.0x15,1.0x20,5,3,12,6.0,2026-07-08 09:36:12,completed
vanilla_cp2baseline_f49_s64_cfg6.0_seed42,vanilla,49,64,8,4,0x3,3x12,2x12,1x23,3.0x15,2.0x15,1.0x20,5,3,12,6.0,2026-07-08 09:36:12,completed
vanilla_cp2baseline_f49_s64_cfg6.0_seed42,vanilla,49,64,8,4,0x3,3x12,2x12,1x23,3.0x15,2.0x15,1.0x20,5,3,12,6.0,2026-07-08 09:36:12,started
vanilla_cp2baseline_f49_s64_cfg6.0_seed42,vanilla,49,64,8,4,0x3,3x12,2x12,1x23,3.0x15,2.0x15,1.0x20,5,3,12,6.0,2026-07-08 09:36:12,started
vanilla_cp2baseline_f49_s64_cfg6.0_seed42,vanilla,49,64,8,4,0x3,3x12,2x12,1x23,3.0x15,2.0x15,1.0x20,5,3,12,6.0,2026-07-08 09:40:16,completed
vanilla_cp2baseline_f49_s64_cfg6.0_seed42,vanilla,49,64,8,4,0x3,3x12,2x12,1x23,3.0x15,2.0x15,1.0x20,5,3,12,6.0,2026-07-08 09:40:16,completed
vanilla_cp2baseline_f49_s64_cfg6.0_seed42,vanilla,49,64,8,4,0x3,3x12,2x12,1x23,3.0x15,2.0x15,1.0x20,5,3,12,6.0,2026-07-08 09:40:16,started
vanilla_cp2baseline_f49_s64_cfg6.0_seed42,vanilla,49,64,8,4,0x3,3x12,2x12,1x23,3.0x15,2.0x15,1.0x20,5,3,12,6.0,2026-07-08 09:40:16,started
vanilla_cp2baseline_f49_s64_cfg6.0_seed42,vanilla,49,64,8,4,0x3,3x12,2x12,1x23,3.0x15,2.0x15,1.0x20,5,3,12,6.0,2026-07-08 09:44:19,completed
vanilla_cp2baseline_f49_s64_cfg6.0_seed42,vanilla,49,64,8,4,0x3,3x12,2x12,1x23,3.0x15,2.0x15,1.0x20,5,3,12,6.0,2026-07-08 09:44:19,completed
vanilla_cp2baseline_f49_s64_cfg6.0_seed42,vanilla,49,64,8,4,0x3,3x12,2x12,1x23,3.0x15,2.0x15,1.0x20,5,3,12,6.0,2026-07-08 09:44:19,started
vanilla_cp2baseline_f49_s64_cfg6.0_seed42,vanilla,49,64,8,4,0x3,3x12,2x12,1x23,3.0x15,2.0x15,1.0x20,5,3,12,6.0,2026-07-08 09:44:19,started
vanilla_cp2baseline_f49_s64_cfg6.0_seed42,vanilla,49,64,8,4,0x3,3x12,2x12,1x23,3.0x15,2.0x15,1.0x20,5,3,12,6.0,2026-07-08 09:48:21,completed
vanilla_cp2baseline_f49_s64_cfg6.0_seed42,vanilla,49,64,8,4,0x3,3x12,2x12,1x23,3.0x15,2.0x15,1.0x20,5,3,12,6.0,2026-07-08 09:48:21,completed
vanilla_cp2baseline_f49_s64_cfg6.0_seed42,vanilla,49,64,8,4,0x3,3x12,2x12,1x23,3.0x15,2.0x15,1.0x20,5,3,12,6.0,2026-07-08 09:48:21,started
vanilla_cp2baseline_f49_s64_cfg6.0_seed42,vanilla,49,64,8,4,0x3,3x12,2x12,1x23,3.0x15,2.0x15,1.0x20,5,3,12,6.0,2026-07-08 09:48:21,started
vanilla_cp2baseline_f49_s64_cfg6.0_seed42,vanilla,49,64,8,4,0x3,3x12,2x12,1x23,3.0x15,2.0x15,1.0x20,5,3,12,6.0,2026-07-08 09:52:24,completed
vanilla_cp2baseline_f49_s64_cfg6.0_seed42,vanilla,49,64,8,4,0x3,3x12,2x12,1x23,3.0x15,2.0x15,1.0x20,5,3,12,6.0,2026-07-08 09:52:24,completed
vanilla_cp2baseline_f49_s64_cfg6.0_seed42,vanilla,49,64,8,4,0x3,3x12,2x12,1x23,3.0x15,2.0x15,1.0x20,5,3,12,6.0,2026-07-08 09:52:24,started
vanilla_cp2baseline_f49_s64_cfg6.0_seed42,vanilla,49,64,8,4,0x3,3x12,2x12,1x23,3.0x15,2.0x15,1.0x20,5,3,12,6.0,2026-07-08 09:52:24,started
vanilla_cp2baseline_f49_s64_cfg6.0_seed42,vanilla,49,64,8,4,0x3,3x12,2x12,1x23,3.0x15,2.0x15,1.0x20,5,3,12,6.0,2026-07-08 09:56:27,completed
vanilla_cp2baseline_f49_s64_cfg6.0_seed42,vanilla,49,64,8,4,0x3,3x12,2x12,1x23,3.0x15,2.0x15,1.0x20,5,3,12,6.0,2026-07-08 09:56:27,completed
guidance_cp2truegf5_f49_s64_gs0.001_gf5_cfg6.0_seed42_tfps4,guidance,49,64,8,4,0x3,3x12,2x12,1x23,3.0x15,2.0x15,1.0x20,5,3,12,6.0,2026-07-08 09:57:52,started
guidance_cp2truegf5_f49_s64_gs0.001_gf5_cfg6.0_seed42_tfps4,guidance,49,64,8,4,0x3,3x12,2x12,1x23,3.0x15,2.0x15,1.0x20,5,3,12,6.0,2026-07-08 09:57:52,started
guidance_cp2truegf5_f49_s64_gs0.001_gf5_cfg6.0_seed42_tfps4,guidance,49,64,8,4,0x3,3x12,2x12,1x23,3.0x15,2.0x15,1.0x20,5,3,12,6.0,2026-07-08 10:03:52,completed
guidance_cp2truegf5_f49_s64_gs0.001_gf5_cfg6.0_seed42_tfps4,guidance,49,64,8,4,0x3,3x12,2x12,1x23,3.0x15,2.0x15,1.0x20,5,3,12,6.0,2026-07-08 10:03:52,started
guidance_cp2truegf5_f49_s64_gs0.001_gf5_cfg6.0_seed42_tfps4,guidance,49,64,8,4,0x3,3x12,2x12,1x23,3.0x15,2.0x15,1.0x20,5,3,12,6.0,2026-07-08 10:03:52,completed
guidance_cp2truegf5_f49_s64_gs0.001_gf5_cfg6.0_seed42_tfps4,guidance,49,64,8,4,0x3,3x12,2x12,1x23,3.0x15,2.0x15,1.0x20,5,3,12,6.0,2026-07-08 10:03:52,started
guidance_cp2truegf5_f49_s64_gs0.001_gf5_cfg6.0_seed42_tfps4,guidance,49,64,8,4,0x3,3x12,2x12,1x23,3.0x15,2.0x15,1.0x20,5,3,12,6.0,2026-07-08 10:09:33,completed
guidance_cp2truegf5_f49_s64_gs0.001_gf5_cfg6.0_seed42_tfps4,guidance,49,64,8,4,0x3,3x12,2x12,1x23,3.0x15,2.0x15,1.0x20,5,3,12,6.0,2026-07-08 10:09:33,started
guidance_cp2truegf5_f49_s64_gs0.001_gf5_cfg6.0_seed42_tfps4,guidance,49,64,8,4,0x3,3x12,2x12,1x23,3.0x15,2.0x15,1.0x20,5,3,12,6.0,2026-07-08 10:09:33,completed
guidance_cp2truegf5_f49_s64_gs0.001_gf5_cfg6.0_seed42_tfps4,guidance,49,64,8,4,0x3,3x12,2x12,1x23,3.0x15,2.0x15,1.0x20,5,3,12,6.0,2026-07-08 10:09:33,started
guidance_cp2truegf5_f49_s64_gs0.001_gf5_cfg6.0_seed42_tfps4,guidance,49,64,8,4,0x3,3x12,2x12,1x23,3.0x15,2.0x15,1.0x20,5,3,12,6.0,2026-07-08 10:15:06,completed
guidance_cp2truegf5_f49_s64_gs0.001_gf5_cfg6.0_seed42_tfps4,guidance,49,64,8,4,0x3,3x12,2x12,1x23,3.0x15,2.0x15,1.0x20,5,3,12,6.0,2026-07-08 10:15:06,started
guidance_cp2truegf5_f49_s64_gs0.001_gf5_cfg6.0_seed42_tfps4,guidance,49,64,8,4,0x3,3x12,2x12,1x23,3.0x15,2.0x15,1.0x20,5,3,12,6.0,2026-07-08 10:15:06,completed
guidance_cp2truegf5_f49_s64_gs0.001_gf5_cfg6.0_seed42_tfps4,guidance,49,64,8,4,0x3,3x12,2x12,1x23,3.0x15,2.0x15,1.0x20,5,3,12,6.0,2026-07-08 10:15:06,started
guidance_cp2truegf5_f49_s64_gs0.001_gf5_cfg6.0_seed42_tfps4,guidance,49,64,8,4,0x3,3x12,2x12,1x23,3.0x15,2.0x15,1.0x20,5,3,12,6.0,2026-07-08 10:20:40,completed
guidance_cp2truegf5_f49_s64_gs0.001_gf5_cfg6.0_seed42_tfps4,guidance,49,64,8,4,0x3,3x12,2x12,1x23,3.0x15,2.0x15,1.0x20,5,3,12,6.0,2026-07-08 10:20:40,started
guidance_cp2truegf5_f49_s64_gs0.001_gf5_cfg6.0_seed42_tfps4,guidance,49,64,8,4,0x3,3x12,2x12,1x23,3.0x15,2.0x15,1.0x20,5,3,12,6.0,2026-07-08 10:20:40,completed
guidance_cp2truegf5_f49_s64_gs0.001_gf5_cfg6.0_seed42_tfps4,guidance,49,64,8,4,0x3,3x12,2x12,1x23,3.0x15,2.0x15,1.0x20,5,3,12,6.0,2026-07-08 10:20:40,started
guidance_cp2truegf5_f49_s64_gs0.001_gf5_cfg6.0_seed42_tfps4,guidance,49,64,8,4,0x3,3x12,2x12,1x23,3.0x15,2.0x15,1.0x20,5,3,12,6.0,2026-07-08 10:26:14,completed
guidance_cp2truegf5_f49_s64_gs0.001_gf5_cfg6.0_seed42_tfps4,guidance,49,64,8,4,0x3,3x12,2x12,1x23,3.0x15,2.0x15,1.0x20,5,3,12,6.0,2026-07-08 10:26:14,completed
guidance_cp2truegf5_f49_s64_gs0.001_gf5_cfg6.0_seed42_tfps4,guidance,49,64,8,4,0x3,3x12,2x12,1x23,3.0x15,2.0x15,1.0x20,5,3,12,6.0,2026-07-08 10:26:14,started
guidance_cp2truegf5_f49_s64_gs0.001_gf5_cfg6.0_seed42_tfps4,guidance,49,64,8,4,0x3,3x12,2x12,1x23,3.0x15,2.0x15,1.0x20,5,3,12,6.0,2026-07-08 10:26:14,started
guidance_cp2truegf5_f49_s64_gs0.001_gf5_cfg6.0_seed42_tfps4,guidance,49,64,8,4,0x3,3x12,2x12,1x23,3.0x15,2.0x15,1.0x20,5,3,12,6.0,2026-07-08 10:31:49,completed
guidance_cp2truegf5_f49_s64_gs0.001_gf5_cfg6.0_seed42_tfps4,guidance,49,64,8,4,0x3,3x12,2x12,1x23,3.0x15,2.0x15,1.0x20,5,3,12,6.0,2026-07-08 10:31:49,completed
guidance_cp2truegf5_f49_s64_gs0.001_gf5_cfg6.0_seed42_tfps4,guidance,49,64,8,4,0x3,3x12,2x12,1x23,3.0x15,2.0x15,1.0x20,5,3,12,6.0,2026-07-08 10:31:49,started
guidance_cp2truegf5_f49_s64_gs0.001_gf5_cfg6.0_seed42_tfps4,guidance,49,64,8,4,0x3,3x12,2x12,1x23,3.0x15,2.0x15,1.0x20,5,3,12,6.0,2026-07-08 10:31:49,started
guidance_cp2truegf5_f49_s64_gs0.001_gf5_cfg6.0_seed42_tfps4,guidance,49,64,8,4,0x3,3x12,2x12,1x23,3.0x15,2.0x15,1.0x20,5,3,12,6.0,2026-07-08 10:37:26,completed
guidance_cp2truegf5_f49_s64_gs0.001_gf5_cfg6.0_seed42_tfps4,guidance,49,64,8,4,0x3,3x12,2x12,1x23,3.0x15,2.0x15,1.0x20,5,3,12,6.0,2026-07-08 10:37:26,completed
guidance_cp2truegf5_f49_s64_gs0.001_gf5_cfg6.0_seed42_tfps4,guidance,49,64,8,4,0x3,3x12,2x12,1x23,3.0x15,2.0x15,1.0x20,5,3,12,6.0,2026-07-08 10:37:26,started
guidance_cp2truegf5_f49_s64_gs0.001_gf5_cfg6.0_seed42_tfps4,guidance,49,64,8,4,0x3,3x12,2x12,1x23,3.0x15,2.0x15,1.0x20,5,3,12,6.0,2026-07-08 10:37:26,started
guidance_cp2truegf5_f49_s64_gs0.001_gf5_cfg6.0_seed42_tfps4,guidance,49,64,8,4,0x3,3x12,2x12,1x23,3.0x15,2.0x15,1.0x20,5,3,12,6.0,2026-07-08 10:43:01,completed
guidance_cp2truegf5_f49_s64_gs0.001_gf5_cfg6.0_seed42_tfps4,guidance,49,64,8,4,0x3,3x12,2x12,1x23,3.0x15,2.0x15,1.0x20,5,3,12,6.0,2026-07-08 10:43:01,completed
guidance_v2cp2_f49_s40_gs0.001_gf1_cfg6.0_seed42_gmax1_promptx_softstage_adapt_tfps4_ctx1,guidance,49,40,8,8,0x5,1x45,0.001x50,1,3,12,6.0,2026-07-08 11:12:08,started
guidance_v2cp2_f49_s40_gs0.001_gf1_cfg6.0_seed42_gmax1_promptx_softstage_adapt_tfps4_ctx1,guidance,49,40,8,8,0x5,1x45,0.001x50,1,3,12,6.0,2026-07-08 11:12:08,started
guidance_v2cp2_f49_s40_gs0.001_gf1_cfg6.0_seed42_gmax1_promptx_softstage_adapt_tfps4_ctx1,guidance,49,40,8,8,0x5,1x45,0.001x50,1,3,12,6.0,2026-07-08 11:15:45,completed
guidance_v2cp2_f49_s40_gs0.001_gf1_cfg6.0_seed42_gmax1_promptx_softstage_adapt_tfps4_ctx1,guidance,49,40,8,8,0x5,1x45,0.001x50,1,3,12,6.0,2026-07-08 11:15:45,completed
guidance_v2cp2_f49_s40_gs0.001_gf1_cfg6.0_seed42_gmax1_promptx_softstage_adapt_tfps4_ctx1,guidance,49,40,8,8,0x5,1x45,0.001x50,1,3,12,6.0,2026-07-08 11:15:45,started
guidance_v2cp2_f49_s40_gs0.001_gf1_cfg6.0_seed42_gmax1_promptx_softstage_adapt_tfps4_ctx1,guidance,49,40,8,8,0x5,1x45,0.001x50,1,3,12,6.0,2026-07-08 11:15:45,started
guidance_v2cp2_f49_s40_gs0.001_gf1_cfg6.0_seed42_gmax1_promptx_softstage_adapt_tfps4_ctx1,guidance,49,40,8,8,0x5,1x45,0.001x50,1,3,12,6.0,2026-07-08 11:19:05,completed
guidance_v2cp2_f49_s40_gs0.001_gf1_cfg6.0_seed42_gmax1_promptx_softstage_adapt_tfps4_ctx1,guidance,49,40,8,8,0x5,1x45,0.001x50,1,3,12,6.0,2026-07-08 11:19:05,completed
guidance_v2cp2_f49_s40_gs0.001_gf1_cfg6.0_seed42_gmax1_promptx_softstage_adapt_tfps4_ctx1,guidance,49,40,8,8,0x5,1x45,0.001x50,1,3,12,6.0,2026-07-08 11:19:05,started
guidance_v2cp2_f49_s40_gs0.001_gf1_cfg6.0_seed42_gmax1_promptx_softstage_adapt_tfps4_ctx1,guidance,49,40,8,8,0x5,1x45,0.001x50,1,3,12,6.0,2026-07-08 11:19:05,started
guidance_v2cp2_f49_s40_gs0.001_gf1_cfg6.0_seed42_gmax1_promptx_softstage_adapt_tfps4_ctx1,guidance,49,40,8,8,0x5,1x45,0.001x50,1,3,12,6.0,2026-07-08 11:22:22,completed
guidance_v2cp2_f49_s40_gs0.001_gf1_cfg6.0_seed42_gmax1_promptx_softstage_adapt_tfps4_ctx1,guidance,49,40,8,8,0x5,1x45,0.001x50,1,3,12,6.0,2026-07-08 11:22:22,started
guidance_v2cp2_f49_s40_gs0.001_gf1_cfg6.0_seed42_gmax1_promptx_softstage_adapt_tfps4_ctx1,guidance,49,40,8,8,0x5,1x45,0.001x50,1,3,12,6.0,2026-07-08 11:22:22,completed
guidance_v2cp2_f49_s40_gs0.001_gf1_cfg6.0_seed42_gmax1_promptx_softstage_adapt_tfps4_ctx1,guidance,49,40,8,8,0x5,1x45,0.001x50,1,3,12,6.0,2026-07-08 11:22:22,started
guidance_v2cp2gf5_f49_s40_gs0.001_gf5_cfg6.0_seed42_promptx_softstage_tfps4_ctx1,guidance,49,40,8,8,0x5,1x45,0.001x50,5,3,12,6.0,2026-07-08 11:23:44,started
guidance_v2cp2gf5_f49_s40_gs0.001_gf5_cfg6.0_seed42_promptx_softstage_tfps4_ctx1,guidance,49,40,8,8,0x5,1x45,0.001x50,5,3,12,6.0,2026-07-08 11:23:44,started
guidance_v2cp2gf5two_f49_s40_gs0.001_gf5_cfg6.0_seed42_promptx_softstage_tfps4_ctx1,guidance,49,40,8,8,0x5,1x45,0.001x50,5,3,12,6.0,2026-07-08 11:28:15,started
guidance_v2cp2gf5two_f49_s40_gs0.001_gf5_cfg6.0_seed42_promptx_softstage_tfps4_ctx1,guidance,49,40,8,8,0x5,1x45,0.001x50,5,3,12,6.0,2026-07-08 11:28:15,started
guidance_v2cp2gf5two_f49_s40_gs0.001_gf5_cfg6.0_seed42_promptx_softstage_tfps4_ctx1,guidance,49,40,8,8,0x5,1x45,0.001x50,5,3,12,6.0,2026-07-08 11:32:14,completed
guidance_v2cp2gf5two_f49_s40_gs0.001_gf5_cfg6.0_seed42_promptx_softstage_tfps4_ctx1,guidance,49,40,8,8,0x5,1x45,0.001x50,5,3,12,6.0,2026-07-08 11:32:14,started
guidance_v2cp2gf5two_f49_s40_gs0.001_gf5_cfg6.0_seed42_promptx_softstage_tfps4_ctx1,guidance,49,40,8,8,0x5,1x45,0.001x50,5,3,12,6.0,2026-07-08 11:32:14,completed
guidance_v2cp2gf5two_f49_s40_gs0.001_gf5_cfg6.0_seed42_promptx_softstage_tfps4_ctx1,guidance,49,40,8,8,0x5,1x45,0.001x50,5,3,12,6.0,2026-07-08 11:32:14,started
guidance_v2cp2gf5two_f49_s40_gs0.001_gf5_cfg6.0_seed42_promptx_softstage_tfps4_ctx1,guidance,49,40,8,8,0x5,1x45,0.001x50,5,3,12,6.0,2026-07-08 11:36:03,completed
guidance_v2cp2gf5two_f49_s40_gs0.001_gf5_cfg6.0_seed42_promptx_softstage_tfps4_ctx1,guidance,49,40,8,8,0x5,1x45,0.001x50,5,3,12,6.0,2026-07-08 11:36:03,completed
guidance_v2cp2gf5promptx3_f49_s40_gs0.001_gf5_cfg6.0_seed42_promptx_tfps4_ctx1,guidance,49,40,8,8,0x5,1x45,0.001x50,5,3,12,6.0,2026-07-08 11:44:27,started
guidance_v2cp2gf5promptx3_f49_s40_gs0.001_gf5_cfg6.0_seed42_promptx_tfps4_ctx1,guidance,49,40,8,8,0x5,1x45,0.001x50,5,3,12,6.0,2026-07-08 11:44:27,started
guidance_v2cp2gf5promptx3_f49_s40_gs0.001_gf5_cfg6.0_seed42_promptx_tfps4_ctx1,guidance,49,40,8,8,0x5,1x45,0.001x50,5,3,12,6.0,2026-07-08 11:48:31,completed
guidance_v2cp2gf5promptx3_f49_s40_gs0.001_gf5_cfg6.0_seed42_promptx_tfps4_ctx1,guidance,49,40,8,8,0x5,1x45,0.001x50,5,3,12,6.0,2026-07-08 11:48:31,completed
guidance_v2cp2gf5promptx3_f49_s40_gs0.001_gf5_cfg6.0_seed42_promptx_tfps4_ctx1,guidance,49,40,8,8,0x5,1x45,0.001x50,5,3,12,6.0,2026-07-08 11:48:31,started
guidance_v2cp2gf5promptx3_f49_s40_gs0.001_gf5_cfg6.0_seed42_promptx_tfps4_ctx1,guidance,49,40,8,8,0x5,1x45,0.001x50,5,3,12,6.0,2026-07-08 11:48:31,started
guidance_v2cp2gf5promptx3_f49_s40_gs0.001_gf5_cfg6.0_seed42_promptx_tfps4_ctx1,guidance,49,40,8,8,0x5,1x45,0.001x50,5,3,12,6.0,2026-07-08 11:52:14,completed
guidance_v2cp2gf5promptx3_f49_s40_gs0.001_gf5_cfg6.0_seed42_promptx_tfps4_ctx1,guidance,49,40,8,8,0x5,1x45,0.001x50,5,3,12,6.0,2026-07-08 11:52:14,completed
guidance_v2cp2gf5promptx3_f49_s40_gs0.001_gf5_cfg6.0_seed42_promptx_tfps4_ctx1,guidance,49,40,8,8,0x5,1x45,0.001x50,5,3,12,6.0,2026-07-08 11:52:14,started
guidance_v2cp2gf5promptx3_f49_s40_gs0.001_gf5_cfg6.0_seed42_promptx_tfps4_ctx1,guidance,49,40,8,8,0x5,1x45,0.001x50,5,3,12,6.0,2026-07-08 11:52:14,started
guidance_v2cp2gf5promptx3_f49_s40_gs0.001_gf5_cfg6.0_seed42_promptx_tfps4_ctx1,guidance,49,40,8,8,0x5,1x45,0.001x50,5,3,12,6.0,2026-07-08 11:55:57,completed
guidance_v2cp2gf5promptx3_f49_s40_gs0.001_gf5_cfg6.0_seed42_promptx_tfps4_ctx1,guidance,49,40,8,8,0x5,1x45,0.001x50,5,3,12,6.0,2026-07-08 11:55:57,completed
guidance_v2cp2gf5base3_f49_s40_gs0.001_gf5_cfg6.0_seed42_tfps4_ctx1,guidance,49,40,8,8,0x5,1x45,0.001x50,5,3,12,6.0,2026-07-08 12:01:39,started
guidance_v2cp2gf5base3_f49_s40_gs0.001_gf5_cfg6.0_seed42_tfps4_ctx1,guidance,49,40,8,8,0x5,1x45,0.001x50,5,3,12,6.0,2026-07-08 12:01:39,started
guidance_v2cp2gf5base3_f49_s40_gs0.001_gf5_cfg6.0_seed42_tfps4_ctx1,guidance,49,40,8,8,0x5,1x45,0.001x50,5,3,12,6.0,2026-07-08 12:05:38,completed
guidance_v2cp2gf5base3_f49_s40_gs0.001_gf5_cfg6.0_seed42_tfps4_ctx1,guidance,49,40,8,8,0x5,1x45,0.001x50,5,3,12,6.0,2026-07-08 12:05:38,started
guidance_v2cp2gf5base3_f49_s40_gs0.001_gf5_cfg6.0_seed42_tfps4_ctx1,guidance,49,40,8,8,0x5,1x45,0.001x50,5,3,12,6.0,2026-07-08 12:05:38,completed
guidance_v2cp2gf5base3_f49_s40_gs0.001_gf5_cfg6.0_seed42_tfps4_ctx1,guidance,49,40,8,8,0x5,1x45,0.001x50,5,3,12,6.0,2026-07-08 12:05:38,started
guidance_v2cp2gf5base3_f49_s40_gs0.001_gf5_cfg6.0_seed42_tfps4_ctx1,guidance,49,40,8,8,0x5,1x45,0.001x50,5,3,12,6.0,2026-07-08 12:09:17,completed
guidance_v2cp2gf5base3_f49_s40_gs0.001_gf5_cfg6.0_seed42_tfps4_ctx1,guidance,49,40,8,8,0x5,1x45,0.001x50,5,3,12,6.0,2026-07-08 12:09:17,completed
guidance_v2cp2gf5base3_f49_s40_gs0.001_gf5_cfg6.0_seed42_tfps4_ctx1,guidance,49,40,8,8,0x5,1x45,0.001x50,5,3,12,6.0,2026-07-08 12:09:17,started
guidance_v2cp2gf5base3_f49_s40_gs0.001_gf5_cfg6.0_seed42_tfps4_ctx1,guidance,49,40,8,8,0x5,1x45,0.001x50,5,3,12,6.0,2026-07-08 12:09:17,started
guidance_v2cp2gf5base3_f49_s40_gs0.001_gf5_cfg6.0_seed42_tfps4_ctx1,guidance,49,40,8,8,0x5,1x45,0.001x50,5,3,12,6.0,2026-07-08 12:12:57,completed
guidance_v2cp2gf5base3_f49_s40_gs0.001_gf5_cfg6.0_seed42_tfps4_ctx1,guidance,49,40,8,8,0x5,1x45,0.001x50,5,3,12,6.0,2026-07-08 12:12:57,completed
guidance_v2cp2gf5action3_f49_s40_gs0.001_gf5_cfg6.0_seed42_promptx_action_focus_tfps4_ctx1,guidance,49,40,8,8,0x5,1x45,0.001x50,5,3,12,6.0,2026-07-08 12:49:26,started
guidance_v2cp2gf5action3_f49_s40_gs0.001_gf5_cfg6.0_seed42_promptx_action_focus_tfps4_ctx1,guidance,49,40,8,8,0x5,1x45,0.001x50,5,3,12,6.0,2026-07-08 12:49:26,started
guidance_v2cp2gf5action3_f49_s40_gs0.001_gf5_cfg6.0_seed42_promptx_action_focus_tfps4_ctx1,guidance,49,40,8,8,0x5,1x45,0.001x50,5,3,12,6.0,2026-07-08 12:53:25,completed
guidance_v2cp2gf5action3_f49_s40_gs0.001_gf5_cfg6.0_seed42_promptx_action_focus_tfps4_ctx1,guidance,49,40,8,8,0x5,1x45,0.001x50,5,3,12,6.0,2026-07-08 12:53:25,started
guidance_v2cp2gf5action3_f49_s40_gs0.001_gf5_cfg6.0_seed42_promptx_action_focus_tfps4_ctx1,guidance,49,40,8,8,0x5,1x45,0.001x50,5,3,12,6.0,2026-07-08 12:53:25,completed
guidance_v2cp2gf5action3_f49_s40_gs0.001_gf5_cfg6.0_seed42_promptx_action_focus_tfps4_ctx1,guidance,49,40,8,8,0x5,1x45,0.001x50,5,3,12,6.0,2026-07-08 12:53:25,started
guidance_v2cp2gf5action3_f49_s40_gs0.001_gf5_cfg6.0_seed42_promptx_action_focus_tfps4_ctx1,guidance,49,40,8,8,0x5,1x45,0.001x50,5,3,12,6.0,2026-07-08 12:57:09,completed
guidance_v2cp2gf5action3_f49_s40_gs0.001_gf5_cfg6.0_seed42_promptx_action_focus_tfps4_ctx1,guidance,49,40,8,8,0x5,1x45,0.001x50,5,3,12,6.0,2026-07-08 12:57:09,started
guidance_v2cp2gf5action3_f49_s40_gs0.001_gf5_cfg6.0_seed42_promptx_action_focus_tfps4_ctx1,guidance,49,40,8,8,0x5,1x45,0.001x50,5,3,12,6.0,2026-07-08 12:57:09,completed
guidance_v2cp2gf5action3_f49_s40_gs0.001_gf5_cfg6.0_seed42_promptx_action_focus_tfps4_ctx1,guidance,49,40,8,8,0x5,1x45,0.001x50,5,3,12,6.0,2026-07-08 12:57:09,started
guidance_v2cp2gf5action3_f49_s40_gs0.001_gf5_cfg6.0_seed42_promptx_action_focus_tfps4_ctx1,guidance,49,40,8,8,0x5,1x45,0.001x50,5,3,12,6.0,2026-07-08 13:00:50,completed
guidance_v2cp2gf5action3_f49_s40_gs0.001_gf5_cfg6.0_seed42_promptx_action_focus_tfps4_ctx1,guidance,49,40,8,8,0x5,1x45,0.001x50,5,3,12,6.0,2026-07-08 13:00:50,completed
